id,name,surname,years_old,contact_info,destination_country
1,Sara,Newman,25,+1-429-969-5035x61827,Svalbard & Jan Mayen Islands
2,Victoria,Jimenez,69,001-954-600-8794,Colombia
3,Kelly,Webster,53,+1-306-284-1722x44013,Iraq
4,James,Dawson,56,473-376-9591x178,Indonesia
5,Jennifer,Preston,25,001-972-911-7143x368,Estonia
6,Ronald,Jones,57,(421)379-9380x344,Mexico
7,Lauren,Bates,49,(825)426-4237x36669,Saint Pierre and Miquelon
8,Martha,Jacobs,39,9914603402,Sao Tome and Principe
9,Diana,Jones,55,(550)429-9433,Lebanon
10,Christopher,Green,60,001-292-855-9883,Christmas Island
11,David,Johnson,41,(304)449-6276,Central African Republic
12,Howard,Cain,46,001-597-277-6180x360,Niue
13,Regina,Young,26,+1-774-942-3725x9487,Russian Federation
14,Brandon,Miller,60,(673)441-7470x15377,Kiribati
15,Eric,Bryant,49,496.564.9599x2750,Martinique
16,Theresa,Kelly,28,988-846-2832x493,Norway
17,Elizabeth,Rodriguez,52,639.859.3303,Cote d'Ivoire
18,Victoria,Flowers,67,+1-663-725-1062x702,Israel
19,Kenneth,Cruz,23,(598)993-8956,Dominican Republic
20,Charles,Mills,65,001-310-311-6388x439,Indonesia
21,John,Sanders,46,+1-213-473-5903,Grenada
22,Maureen,Graham,69,621-419-6199,Belgium
23,Benjamin,Williams,32,628-205-4998,Nicaragua
24,Lisa,Dunn,46,(316)430-6136x689,Mongolia
25,Lauren,Cook,33,001-651-261-3904x4149,United States Minor Outlying Islands
26,Antonio,Cooper,65,(891)715-3944x99768,Honduras
27,Lori,Cook,20,(248)318-7057,Christmas Island
28,Michael,Mathis,24,776-369-1530,Georgia
29,Jeffrey,Blake,42,001-466-276-4470x86730,Finland
30,Robert,Jackson,23,+1-738-934-8047x23899,Mauritania
31,Kelly,Hicks,69,8633151570,Pakistan
32,Brian,Bruce,60,594-918-0248,Mexico
33,Maria,Shaw,27,9205970125,Tonga
34,Danielle,White,51,872.667.3896,Vanuatu
35,William,Russo,21,847-770-3289x18455,Bahrain
36,Michael,Rodriguez,58,+1-200-511-1623,Estonia
37,Jessica,Friedman,18,586.668.4934x0065,Bosnia and Herzegovina
38,Connie,Richardson,65,430.883.1006x970,Micronesia
39,Tiffany,Hart,59,+1-862-949-6938x5043,Finland
40,Brandon,Archer,31,457-588-8877,Bermuda
41,Brittany,Hernandez,58,(819)238-7105,Uzbekistan
42,Robert,Patel,18,+1-246-582-1641x179,Papua New Guinea
43,John,Benitez,24,904-962-6738,Zambia
44,Michelle,Mack,31,591-409-1733x9708,Mongolia
45,Katrina,Adams,47,909-704-0403x66648,Bhutan
46,Gina,Werner,56,834-584-4373,Dominican Republic
47,Carl,Briggs,27,(850)934-4637x187,Jamaica
48,Cody,Hernandez,62,001-289-764-9421,Lithuania
49,Shane,Kelley,37,275-235-9008x9767,Guam
50,Paul,Jones,18,382.764.6912,Senegal
51,Noah,Joseph,30,+1-983-749-1741x2965,Belarus
52,Johnny,Morales,27,(660)979-8434x131,New Caledonia
53,Joe,Hayes,33,774-463-0552,Ukraine
54,Steven,Collier,52,422-911-7425x762,French Polynesia
55,Diana,Stephens,69,(255)874-7899,Burundi
56,Randy,Johnson,29,001-706-828-0840x61969,Faroe Islands
57,Karen,Berry,46,(555)665-9414x4250,Falkland Islands (Malvinas)
58,Pamela,Christensen,63,(349)351-7896x558,Niue
59,Cynthia,Mccullough,60,515-386-1830x667,Panama
60,Katherine,Harris,24,+1-688-612-9563,Korea
61,Kyle,Bennett,51,(793)447-4981x18287,British Indian Ocean Territory (Chagos Archipelago)
62,Ashley,Brown,62,877.503.2023x38862,Grenada
63,Richard,Mason,31,475.827.0325x71424,Heard Island and McDonald Islands
64,Lisa,Davis,42,745.279.7948,Romania
65,George,Johnson,32,331-265-7266x386,Central African Republic
66,Seth,Castro,24,(735)333-6412x6724,Marshall Islands
67,Kenneth,Robbins,69,+1-814-992-9516,Vietnam
68,Patricia,Wagner,53,942-308-1865,Luxembourg
69,Elizabeth,Ellis,48,551-414-3410x516,Greece
70,Peter,Mcgrath,40,+1-892-310-5265x06915,Sri Lanka
71,Mitchell,Peterson,59,902-281-0171,Saint Martin
72,Jacob,Griffin,45,(743)829-4996,Barbados
73,Elizabeth,Miller,46,(222)954-7024,Bangladesh
74,Jennifer,Taylor,46,(652)596-9967,Panama
75,Michele,Sloan,51,7375008838,Greenland
76,Kathy,Nunez,47,835-317-2802,Namibia
77,Jane,Jackson,62,754.591.7734,Bahamas
78,Nicole,Shaw,34,001-834-734-5782x17114,Nigeria
79,Maria,Wilcox,60,922-931-2149,Rwanda
80,Mary,King,64,001-949-686-1388x927,Guinea
81,Barbara,Roman,51,001-614-711-2460x00691,Afghanistan
82,Jason,James,64,4275318569,Albania
83,Diane,Walsh,37,965.399.6910,Samoa
84,Sonya,Perez,60,6918022145,Bermuda
85,Robert,Silva,60,879.423.4556,Serbia
86,Jessica,Jones,57,001-771-979-4533x5527,Romania
87,David,Clark,58,(937)781-4570x21005,Guernsey
88,Tammy,Martin,32,+1-353-815-9502x033,Haiti
89,Vickie,Castro,30,661-448-3140,Sao Tome and Principe
90,Christopher,Mcdaniel,33,001-773-602-6973x01900,Indonesia
91,Louis,Gomez,48,+1-814-308-9745x65393,Palestinian Territory
92,Andrea,Hunter,54,(525)547-4037x236,Suriname
93,Deanna,Hernandez,23,352-429-6872x02961,Russian Federation
94,Javier,Guzman,40,+1-344-626-7678x639,Fiji
95,David,Mills,61,+1-764-286-7367x66261,Western Sahara
96,John,Ramsey,50,(928)899-3799,Norfolk Island
97,Margaret,Weber,23,875.485.7481x46759,Bahrain
98,John,Guzman,36,442.858.0228,Qatar
99,Amy,Young,62,(944)253-7873,Bulgaria
100,Danielle,Martinez,46,994-890-3116x8898,Austria
101,Lindsay,Wise,34,(356)272-7065x0779,Dominica
102,Tammy,Gallagher,67,243-516-1694x709,Turks and Caicos Islands
103,Barbara,Hart,55,671-432-1358,Angola
104,Linda,King,18,+1-980-294-0305,Cote d'Ivoire
105,Jessica,Vasquez,23,720.501.8527x89684,Saint Barthelemy
106,Dustin,Sweeney,56,+1-438-886-6032x4517,Mongolia
107,Jennifer,Tanner,51,(452)634-0514x401,Congo
108,Brandon,Gallegos,36,+1-923-485-9046,British Virgin Islands
109,Jessica,Webster,21,(762)464-4962x656,Kenya
110,Lindsay,Ray,19,214-287-2718x41948,Martinique
111,Paul,Esparza,66,001-424-428-5152x79338,Panama
112,Christopher,Harris,58,+1-681-283-0688,Somalia
113,Annette,Jones,53,+1-527-594-5551,Congo
114,Christine,Lewis,62,863-463-8228x671,Sri Lanka
115,Tracy,Smith,68,2002492684,Australia
116,Laurie,Phillips,20,893.275.6683x3649,Svalbard & Jan Mayen Islands
117,Lisa,Chen,41,744-961-7801,Togo
118,Justin,Cortez,54,641-212-1019x85177,Senegal
119,Derrick,Hancock,46,(594)232-5704x9097,Barbados
120,Jeanette,Collins,60,+1-657-641-5183x72390,Dominica
121,Ashley,Miller,32,3469546655,Hungary
122,Sarah,Webb,26,(936)914-0699,Fiji
123,Jared,Holmes,63,294-845-1501,Central African Republic
124,Natalie,Estes,30,(666)949-9657,Gibraltar
125,Leslie,Mcdaniel,62,(542)379-0040x307,Mongolia
126,Terrance,Moon,53,+1-662-300-7769,San Marino
127,Caitlin,Lewis,51,+1-981-225-9015,Cuba
128,Cody,Allen,26,+1-360-860-9108,Fiji
129,Kayla,Garrett,70,001-511-766-9038x57524,Korea
130,Mary,Gibson,66,7508608015,Wallis and Futuna
131,Morgan,Jennings,28,+1-443-596-6074x587,Saint Pierre and Miquelon
132,William,Cantrell,35,001-788-707-8971x424,Liberia
133,Kim,Fleming,21,4783041138,Afghanistan
134,Roger,Joseph,40,(725)679-5670x34481,Jersey
135,Dana,Smith,35,257.370.6946,Norway
136,Jessica,Murphy,30,932-435-8468,Botswana
137,Natasha,Smith,58,244.376.4642,Taiwan
138,Emma,Baker,30,+1-905-420-4996x6131,Montserrat
139,Kelly,Cook,23,655.455.2258,Seychelles
140,Felicia,Harrington,60,(280)869-0794x3248,Togo
141,Aaron,Garcia,43,771.396.6132x04824,Guam
142,Jennifer,Young,43,8159957475,Luxembourg
143,Cameron,Marquez,43,219-407-4368x57008,Brunei Darussalam
144,Benjamin,Villanueva,70,545.353.4070x148,Slovenia
145,Alexander,Moore,25,+1-376-945-2560x937,Nauru
146,Julia,Sullivan,36,9284239032,Lithuania
147,Maria,Jacobson,52,417.830.4650x610,Bangladesh
148,Daniel,Hernandez,20,363.451.5138x43139,Wallis and Futuna
149,Sara,Walter,37,449-809-2580x437,Niue
150,David,Dickerson,40,8642123219,Vietnam
151,Nancy,Marshall,31,+1-355-552-8155x673,Iran
152,Beth,Woodard,67,+1-915-378-7849x3239,Fiji
153,Tiffany,Vasquez,62,8516945128,British Virgin Islands
154,Christopher,Brown,66,812-277-2261x9574,Sierra Leone
155,Brandon,Ellison,22,780-850-7825x33873,Uzbekistan
156,Alexis,Hall,37,001-504-643-1778,Romania
157,Andrew,Farmer,51,709.274.8276x2628,Colombia
158,Lawrence,Park,40,531.426.8900,Sierra Leone
159,Rebecca,Vasquez,53,(398)560-2495,Canada
160,Joshua,Griffith,53,001-560-399-6393x659,Oman
161,Melody,Hamilton,32,219-282-7058x652,French Southern Territories
162,Colleen,Sanchez,49,392.429.0389x7483,Liberia
163,Taylor,Gilbert,23,3294598689,Comoros
164,Susan,Walsh,33,445.748.3992x3950,Hong Kong
165,Sherry,Bennett,70,955.921.9366x663,Antarctica (the territory South of 60 deg S)
166,Joseph,Diaz,64,606-380-9676x26801,Sao Tome and Principe
167,Brooke,Alexander,39,(300)318-0349x297,New Zealand
168,Lisa,Thomas,47,4732261916,Central African Republic
169,Gabriel,Meyer,63,(422)431-9421,United Arab Emirates
170,Jeremy,Rodriguez,36,(798)898-8857x41715,Aruba
171,Kelly,Weaver,63,8075874573,Bermuda
172,Kevin,Griffith,57,+1-330-907-9361x0466,American Samoa
173,Paul,Williams,29,(656)875-5447,Korea
174,Jennifer,Smith,28,+1-552-705-7922,Bhutan
175,Jay,Combs,32,(677)307-2025,Bangladesh
176,Lauren,Bradshaw,19,300-756-9847x32742,Myanmar
177,Ashley,Oliver,57,686-682-6743x766,Guyana
178,Dustin,Walter,31,001-958-980-4479x5411,Moldova
179,Rebecca,Smith,39,+1-728-460-2149x757,Mexico
180,Christopher,Travis,64,(834)868-6787x921,Bolivia
181,Timothy,Thomas,53,549-476-4644x35520,Egypt
182,Kimberly,Adams,38,(823)676-5968x848,Macao
183,Jean,Robinson,19,001-916-520-6054x7921,Antigua and Barbuda
184,Joseph,Valentine,34,(227)567-3280,Saint Kitts and Nevis
185,Philip,Anderson,56,519.584.9139,Brazil
186,Ryan,Vargas,69,001-273-359-5883x324,Thailand
187,Daniel,Allen,40,(381)999-2488x0732,Estonia
188,Catherine,Sutton,27,504-405-0960,Croatia
189,Tammy,Moore,49,846-908-6130x540,Togo
190,Alison,Grant,29,225-779-4026,French Guiana
191,Sheila,Adams,40,001-289-795-9750,Bolivia
192,Victoria,Foster,43,5925535035,Senegal
193,Cody,Cohen,34,784.301.9744,Bouvet Island (Bouvetoya)
194,John,Ramirez,52,001-840-826-9045x5038,Zambia
195,Nicholas,Smith,20,(206)423-1698,Monaco
196,Meghan,Anderson,58,655-745-5655,Finland
197,Michael,Hall,38,+1-859-414-5053,Korea
198,Jacqueline,Ruiz,59,8004215513,Cuba
199,Michael,Williams,28,(390)260-2690x905,Canada
200,Jake,Davis,59,445.630.8332x80138,Kazakhstan
201,Ryan,Jimenez,70,(228)242-2608x49349,Ireland
202,Lisa,Thomas,59,412.745.1537,Central African Republic
203,Jennifer,Bradley,19,+1-989-607-7465x21281,Belarus
204,Dawn,West,69,(777)615-3106,Burkina Faso
205,Richard,Robertson,20,(502)206-2114,Lesotho
206,James,Ellison,45,747-313-7817x922,Grenada
207,Jeffrey,Gray,54,(869)275-6039x445,Guinea-Bissau
208,Alexander,Smith,28,+1-640-243-3089,Botswana
209,Michael,Martinez,58,874-888-6359,Germany
210,Melissa,Ellis,23,258-326-5039x209,Vietnam
211,Jeremy,Finley,58,(354)568-5503x215,Vietnam
212,Daniel,Brown,50,729.724.4749,Niger
213,Sarah,Martin,41,421-246-1393x0755,Gibraltar
214,Elizabeth,Durham,58,+1-685-833-3146x6135,Bahrain
215,Rodney,Howard,41,+1-275-585-2722x17023,Timor-Leste
216,Nicholas,Harper,41,001-322-568-8348x338,Bermuda
217,Kristen,Washington,44,4504216344,Lesotho
218,Robert,King,68,(285)687-4414x3292,Kazakhstan
219,Heather,Ferguson,61,885.638.2878,Montenegro
220,Laura,Clark,67,349.948.0971,Gibraltar
221,Sonya,Davis,36,402.267.3135x983,Tunisia
222,Michelle,Russell,18,937.359.1617x1231,British Indian Ocean Territory (Chagos Archipelago)
223,Wendy,Valdez,33,676.702.6468,Romania
224,Kari,Hobbs,39,620-636-3944,Cook Islands
225,Derek,Tran,47,001-498-500-1630x92617,Trinidad and Tobago
226,Sharon,Guerrero,31,251.332.3709x43253,Barbados
227,Robert,Scott,67,001-902-282-6034x2763,Saint Barthelemy
228,Daniel,Clark,61,(813)940-8649,Macao
229,John,Mclean,31,594-648-0960x601,Chad
230,Kyle,Perez,54,515.301.5998,Mayotte
231,Hannah,Strong,69,001-594-564-5632,Kazakhstan
232,Laura,Stanton,51,553-328-4221x8488,Georgia
233,Brooke,Gray,63,(519)569-8362x505,Hungary
234,Latoya,Tran,29,(275)619-7182x61293,Barbados
235,Kaitlyn,Cole,59,7754357008,Saint Helena
236,Pamela,Simpson,69,(428)494-0994,Singapore
237,Jeremy,Drake,66,001-516-235-6439x7123,Suriname
238,Lori,Esparza,40,556-945-0799,Austria
239,Jacob,Wood,34,770.983.4432x993,Nicaragua
240,Jeffrey,Wilkins,43,610-315-9737,Antigua and Barbuda
241,Cameron,Mitchell,27,(423)342-1648x42252,Saint Martin
242,Holly,Young,39,(675)364-7827,Holy See (Vatican City State)
243,David,Powell,60,272-626-1341x8737,Haiti
244,Ashley,Colon,57,(745)434-1226,Tokelau
245,Kevin,Hunter,30,+1-486-529-6682x0119,New Zealand
246,Shawn,Oliver,40,732-324-5494x350,Mauritius
247,John,Holt,61,001-233-945-9917,Mongolia
248,John,Cox,41,573.422.4504,Croatia
249,Susan,Ochoa,52,429.812.5531,Timor-Leste
250,Laura,Johnson,24,937-495-7305x07555,Sierra Leone
251,Mark,Frank,53,001-206-536-1442x59982,Netherlands Antilles
252,Amanda,Gay,32,(285)869-0495x9850,Equatorial Guinea
253,Donna,Chen,23,9948235355,San Marino
254,Darrell,Mcgee,47,240.310.0904x97635,Seychelles
255,Thomas,Adams,33,362-512-8120x102,Italy
256,Jill,Baker,55,593.617.7014x9072,Guinea
257,Joseph,Hughes,67,001-691-528-0752x50881,Nepal
258,Keith,Smith,47,(431)548-0460x71471,Cook Islands
259,Karina,Garrett,36,001-349-280-5128x05583,British Virgin Islands
260,Catherine,Macias,46,772-852-1844,British Virgin Islands
261,Christine,Rhodes,66,+1-763-313-2395x52381,Greenland
262,Donna,Nolan,58,407.653.7236,Vietnam
263,Teresa,Friedman,53,001-589-232-8429x9924,Norfolk Island
264,Stephanie,Johnson,57,001-323-614-2670x3873,Jersey
265,Chelsea,Kelly,63,001-797-416-8437x6851,Gambia
266,Mary,Roberson,43,(960)837-3953x99903,Egypt
267,Kristin,Villanueva,68,544-743-1956x679,Suriname
268,Noah,Cowan,70,(391)624-3825x02723,Bermuda
269,Catherine,Walters,24,+1-755-568-4316,Puerto Rico
270,Tara,Taylor,63,(930)822-4132,Anguilla
271,Angela,Hicks,33,(739)350-0428,Congo
272,Mary,Smith,58,589-434-3822x13781,Kuwait
273,Debbie,Phillips,30,(510)641-4822x30801,North Macedonia
274,Joel,Knight,36,001-557-516-6334x6980,Paraguay
275,James,Hughes,36,5868803997,Cook Islands
276,Kenneth,Mcbride,44,+1-438-513-8184x06653,Saint Martin
277,Danielle,Conley,28,207.290.1072x7040,Iceland
278,Gregory,Dixon,63,(984)350-5063,Brunei Darussalam
279,Phillip,Brown,42,854-872-1319x8260,Somalia
280,John,Page,68,665-331-0319,Guatemala
281,Jennifer,Lewis,35,001-878-528-7736x86504,Guinea
282,Christopher,Abbott,41,453-409-1763x53773,Timor-Leste
283,Randall,Wood,32,254.668.2199x331,Palestinian Territory
284,Gloria,Ochoa,23,+1-811-590-1726x45427,Norfolk Island
285,Danny,Vargas,56,(652)435-4795,Cocos (Keeling) Islands
286,Michael,Moore,23,888.987.8745,Latvia
287,Patrick,Thomas,41,325.748.2092x36122,Bulgaria
288,Andrew,Williams,36,+1-480-521-2944,Wallis and Futuna
289,Stephanie,Wilson,58,341-882-5678x50339,Heard Island and McDonald Islands
290,Erik,Cole,25,551-450-8368x05715,Denmark
291,Rodney,Walter,66,+1-691-640-0594x09932,Svalbard & Jan Mayen Islands
292,William,Powell,45,997-855-6120x899,San Marino
293,Timothy,Green,35,+1-412-522-4198x66547,Saint Kitts and Nevis
294,Cynthia,Aguirre,56,+1-691-249-6904x6483,Gambia
295,Ann,Andrews,53,+1-507-781-3634x9281,Russian Federation
296,Diane,Black,64,+1-320-547-4191,Guinea
297,Whitney,Schneider,29,001-474-915-7494x2716,Niger
298,Anthony,Moore,39,403.649.6435x1351,Honduras
299,Paul,Jones,69,(279)496-8627,Colombia
300,Robert,Yu,59,+1-326-693-0476,Russian Federation
301,Anthony,Hernandez,50,(202)591-8874x234,Switzerland
302,Robert,Bell,25,(351)843-2356x2680,Fiji
303,Theresa,Anderson,34,250-907-1622x97683,Cyprus
304,Jordan,Rice,64,001-978-915-1042,Belgium
305,John,Martin,43,001-650-870-4834x445,Switzerland
306,Katelyn,Johnson,52,(491)471-9764x656,Kenya
307,Charles,Wright,49,001-614-310-3933x346,Barbados
308,Victoria,Dorsey,36,+1-277-706-4383,Poland
309,Michele,Ramirez,38,4325523549,Pitcairn Islands
310,Jason,Ali,57,(200)393-1603x02993,Barbados
311,Courtney,Sanchez,28,386-423-3364,San Marino
312,Amanda,Campos,48,001-239-397-7784x26911,Libyan Arab Jamahiriya
313,Bobby,Lee,57,599-755-4203x960,Algeria
314,Jason,Smith,60,(916)867-6016x348,Senegal
315,Katherine,Smith,50,673-843-6968,Gibraltar
316,Alexis,Leonard,23,+1-721-766-4649,Comoros
317,Tracey,Riddle,56,383-875-8048x96102,Niue
318,Ronald,Wright,43,3486738919,Kenya
319,Elizabeth,Fischer,28,200.813.9037x469,Netherlands
320,Anthony,Ingram,69,(397)259-7937x772,Greece
321,Kevin,Flores,67,001-466-448-4341x899,French Southern Territories
322,Pamela,Doyle,22,+1-767-322-2888x6019,Niue
323,Robert,Brady,35,888-668-7991,Ghana
324,Elizabeth,Mcintyre,54,736.446.0351,Cuba
325,Michael,Herrera,20,(451)201-2826,Turkey
326,Alison,Underwood,50,001-265-752-3409x501,Liberia
327,Teresa,Church,62,4712528198,Thailand
328,Olivia,George,30,+1-693-845-4585,Saint Barthelemy
329,Joshua,Anderson,55,001-524-556-0766x848,China
330,Andrew,Martinez,51,+1-516-991-8444x246,Lao People's Democratic Republic
331,Ryan,Burton,44,430-910-5599x84507,United Arab Emirates
332,Chelsea,Rodriguez,26,(605)624-7463x322,Uzbekistan
333,Robert,Mayer,68,291-576-5818x6103,Brunei Darussalam
334,Gregory,Poole,69,712-257-9246x89115,Honduras
335,Kelly,Morton,40,(422)579-1114x3563,Chile
336,Sonya,Brown,62,(899)360-1749x3725,Nauru
337,Lisa,Morris,54,+1-664-662-7843x962,Sierra Leone
338,Jorge,Sutton,58,001-501-459-6691,Botswana
339,Chad,Huynh,68,226.367.1425,Marshall Islands
340,Amy,Diaz,57,939.746.2750x133,Andorra
341,Richard,Lopez,23,+1-452-322-7812,Australia
342,Robert,Dawson,44,(561)413-0010x11089,Romania
343,Kenneth,Mccormick,30,744-418-0106,Faroe Islands
344,Adam,Walker,31,2037793941,Equatorial Guinea
345,Dave,Martin,22,+1-402-301-1453x97564,Aruba
346,Jennifer,Macias,69,+1-980-882-8846x03901,Puerto Rico
347,Amanda,Lopez,41,262-679-4432x500,Bahamas
348,Joseph,Swanson,50,(548)806-9577,Croatia
349,Sandra,Gutierrez,25,656-305-1580x851,Turkmenistan
350,Christine,Brown,39,475-887-9921,Netherlands Antilles
351,Stacy,Watson,20,612.409.8975x039,Sao Tome and Principe
352,Karen,Jones,18,+1-709-754-0227x366,Tunisia
353,Brittany,Shaw,25,(821)587-1137x167,Puerto Rico
354,Jacob,Johnson,41,722-324-6251,Montserrat
355,Catherine,Nguyen,68,+1-899-423-5362x3986,Italy
356,Robin,Johnson,58,616-913-4025,Madagascar
357,Jennifer,Hicks,64,001-574-791-5847x808,Nicaragua
358,Charles,Ford,36,227-569-3073x707,Thailand
359,Pedro,Bradley,43,(741)651-7499x4606,Honduras
360,Geoffrey,Ramirez,49,339-825-2532,Congo
361,Matthew,Decker,39,(724)273-8872x65574,Korea
362,John,Bray,25,952.685.8412x0935,Sierra Leone
363,Amanda,Sanchez,33,435-480-0224,New Caledonia
364,Becky,Wiley,58,(748)389-0324,Myanmar
365,Kevin,Everett,34,(530)512-4202x6878,Philippines
366,Alexandra,Wheeler,59,239-536-5059,Swaziland
367,Steven,Huffman,20,001-793-572-7916x358,Timor-Leste
368,Cheryl,Lopez,20,772.595.7003,Denmark
369,Angela,Howe,61,001-600-289-4471,Kyrgyz Republic
370,David,Carter,70,789-833-2524x9434,Equatorial Guinea
371,Ricardo,Robinson,45,825-575-9736x3582,Algeria
372,Emily,Nelson,69,(458)343-0508x8334,Zimbabwe
373,Collin,West,26,9492134009,Mozambique
374,Douglas,Garcia,56,+1-855-923-6351x58919,Latvia
375,Ashley,Williamson,21,5419631561,Japan
376,Yolanda,Fisher,37,390.972.9911x055,Libyan Arab Jamahiriya
377,Jerry,Campbell,50,(330)776-5662x46952,Cambodia
378,Sharon,Weaver,19,+1-549-532-1607x66105,Jordan
379,Ryan,Ramirez,66,+1-350-489-1320x107,Senegal
380,Barbara,Kelly,27,(410)856-9934x0991,Kiribati
381,Gary,Valdez,64,(990)883-8484x0986,Algeria
382,Scott,Garrison,40,295.213.4548x90887,Barbados
383,Randall,Ware,42,471.446.6279x88461,Qatar
384,Jacqueline,Lopez,68,635.291.9214x54334,Myanmar
385,Michelle,Mcintyre,55,688.992.9550,Lesotho
386,Lauren,Villanueva,39,(769)966-1648,Montserrat
387,Donna,Levine,26,7974728858,Norway
388,Lucas,Allen,18,+1-945-207-5237x3401,United States of America
389,Robert,Tran,35,7696325363,Mauritius
390,Cory,Lee,70,419.498.7792x6899,Myanmar
391,Tanner,Jones,68,246.819.7668,Costa Rica
392,Emily,Jackson,63,995-621-0918x0186,Puerto Rico
393,Anthony,Stewart,41,224.746.3569,South Georgia and the South Sandwich Islands
394,David,Adams,42,788-832-2137x37556,Ukraine
395,Lindsay,Sullivan,40,001-830-923-0069,Niue
396,Megan,Bryan,45,(999)926-5191,United Arab Emirates
397,Mary,Nunez,23,562-547-0455,Guyana
398,Kaitlin,Bird,19,001-649-926-1914,United States Minor Outlying Islands
399,Christopher,Ochoa,30,647-809-1752,Azerbaijan
400,Alexandria,Smith,69,206-456-0448,Somalia
401,Corey,Miller,64,768-400-8285,Mozambique
402,Samuel,Reyes,40,+1-730-761-4856x90544,Costa Rica
403,Chad,Taylor,68,+1-357-388-8061x6157,Palau
404,Robert,Payne,60,(957)963-6978x8882,French Guiana
405,David,Leon,47,(722)526-7268x085,Burkina Faso
406,Lauren,Barber,27,265-387-3912x307,Philippines
407,Deanna,Austin,56,(319)574-0889x374,Reunion
408,Karen,Arnold,39,295-742-9752x0018,Malta
409,Stephen,Hughes,47,9907605888,India
410,Scott,Garcia,45,868-405-8052,Turkmenistan
411,Jose,Collins,42,6258535635,Burkina Faso
412,Chelsea,Horne,25,680-406-2225x05972,Nepal
413,Megan,Ross,18,+1-450-499-4070x0272,Netherlands
414,Samantha,Edwards,21,001-418-941-5874,Guatemala
415,Matthew,Roberts,69,(925)930-0347x884,Finland
416,Alexander,Garner,52,476.797.7445x5825,Guatemala
417,Maria,Davis,38,405-528-8439x50595,Bulgaria
418,Lindsay,Martin,51,+1-776-758-0821x02106,Bangladesh
419,Lynn,Lucero,69,539.947.3947x654,Bolivia
420,Jessica,Crosby,49,001-232-882-8808x81199,Malawi
421,Thomas,Wallace,18,779-553-2089x54286,Portugal
422,Kevin,Cook,49,001-786-448-2960x50671,Uganda
423,Peter,Ashley,20,+1-691-210-6060,Palestinian Territory
424,Sarah,Weaver,46,(745)715-1949,Marshall Islands
425,Brian,Wang,43,(719)372-9187,Mexico
426,Elizabeth,Sweeney,52,2393975869,Anguilla
427,Donna,Moore,18,+1-849-910-9222,Antigua and Barbuda
428,Melissa,Norris,56,887.634.6525,Rwanda
429,Krystal,Mcdonald,44,+1-631-799-4530x346,Vanuatu
430,Sean,Marshall,64,681-307-2360x667,Mexico
431,Jennifer,Bowers,58,+1-296-467-6374x9267,Ireland
432,Sara,Morrison,56,510-304-3766x320,Seychelles
433,Robert,Clark,62,001-691-399-8627x14949,Spain
434,Nancy,Maldonado,63,+1-984-371-3846x7443,Liechtenstein
435,Christine,Miller,27,304-948-0404,Benin
436,Scott,Cooper,49,910-650-5269x47128,Saint Lucia
437,Dylan,Davis,53,728-620-9599x394,Korea
438,Kayla,Parker,40,+1-797-597-4420x38388,Malaysia
439,Mercedes,Wagner,40,341.768.0506x194,Swaziland
440,Brandon,Robinson,65,625-580-8532,Albania
441,Joanna,Rollins,42,(686)471-9096x0359,Guam
442,Taylor,Thompson,34,685.270.8141x669,Namibia
443,Joseph,Potter,28,600-618-9149x193,Oman
444,Andrea,Smith,63,(582)986-3562,Guatemala
445,Tina,Reed,45,214.966.8682x92352,Brunei Darussalam
446,James,Fischer,47,(987)392-5061x7783,Lebanon
447,Amy,Shepherd,57,6368532534,Bhutan
448,Duane,Holland,55,252-343-3193,Angola
449,Emily,Brewer,21,+1-732-682-0632,Saint Kitts and Nevis
450,Raymond,Hines,51,001-299-391-3255x16961,Bouvet Island (Bouvetoya)
451,Ivan,Moreno,37,425.441.4524x53154,Peru
452,Kevin,Sweeney,68,001-244-982-1146x10016,Slovakia (Slovak Republic)
453,Jennifer,Salazar,25,(616)539-6664,Anguilla
454,Amanda,Floyd,49,833.654.3587x1989,Saint Lucia
455,Anthony,Hernandez,48,(575)290-0742,Bangladesh
456,Angelica,Bauer,47,7562791628,United Arab Emirates
457,Jessica,Wall,26,(751)454-4629,Serbia
458,David,Fitzgerald,44,(615)391-1217,Namibia
459,Kenneth,Mccoy,40,271-766-4375x1323,Christmas Island
460,Christine,Douglas,64,235.967.3231x08973,Cyprus
461,Kathryn,Fowler,36,445.293.1745x3558,Sudan
462,Joanne,Roberts,64,(431)803-5795,Saint Martin
463,Jessica,Clark,21,9552883928,United Kingdom
464,Tina,Marks,22,+1-430-241-5395,Germany
465,Lauren,Clark,21,001-268-440-8591x23364,Northern Mariana Islands
466,Raymond,Allen,42,6627508002,New Zealand
467,Crystal,Rivera,65,984.531.0315x180,Mauritania
468,Paul,Wilson,23,698-327-1099,Morocco
469,Jason,Bennett,27,785.839.6186,Malawi
470,Stacey,Nielsen,33,575-828-8949x349,Germany
471,Brittany,Mitchell,34,001-742-501-6230x14025,Oman
472,Jennifer,Cruz,55,9657985151,Gibraltar
473,Susan,Dunlap,70,(329)513-7873,Dominica
474,Kenneth,Hamilton,31,(711)376-0730,Bhutan
475,Thomas,Meyer,19,332.802.4168x09986,Japan
476,Sabrina,Stevens,30,+1-576-430-4063x4362,Samoa
477,David,Park,25,001-207-853-1956x633,Northern Mariana Islands
478,Derek,Carey,70,+1-357-899-7961x20171,Japan
479,Tammy,Castro,24,857-752-6706,Falkland Islands (Malvinas)
480,Laurie,Stephens,61,314-727-8781x80874,Hungary
481,Ricardo,Daniels,38,654.518.2846,Korea
482,Kevin,Lucero,49,(229)637-1331x5080,Monaco
483,Joshua,Carpenter,47,001-652-304-9396x573,Greece
484,Katherine,Williams,42,445.464.1004x596,Rwanda
485,Mary,Allen,22,001-205-983-7948,Comoros
486,Tara,Hall,61,001-316-515-0837,Azerbaijan
487,Timothy,Austin,29,3895050836,Kuwait
488,Cheryl,Thompson,54,364-734-2572,Cote d'Ivoire
489,Justin,Morrison,55,001-532-572-4543x5630,Indonesia
490,Wanda,Johnson,50,563-268-6187,Australia
491,Amy,Acosta,28,+1-271-595-2616x744,Brunei Darussalam
492,Michele,Smith,69,954-251-8400x453,Myanmar
493,Jack,Moran,48,+1-584-987-7788x127,Samoa
494,Darrell,Stone,67,497-545-2620,Thailand
495,Shawn,Gutierrez,61,6215473935,Burundi
496,Jerry,Ellis,31,907.607.5068,Cuba
497,Molly,Rowe,19,213.465.9793,Macao
498,Steven,Cook,37,001-232-844-9243x2791,Nicaragua
499,Phillip,Howard,54,(752)717-6571,Netherlands
500,Daniel,Crosby,70,335.315.6483,Portugal
501,Chad,Martin,50,490-378-0835,Mauritius
502,Tammie,Williams,54,2463014046,Saint Kitts and Nevis
503,Tony,Williams,55,+1-871-995-2087x48145,Faroe Islands
504,Calvin,White,38,554-861-6210,Morocco
505,Brittany,Salinas,48,001-967-846-3335x7226,Vanuatu
506,Mary,Haas,24,480-887-1565,Saint Helena
507,Mark,James,27,001-975-514-1088x803,Heard Island and McDonald Islands
508,Jeremiah,Mueller,21,362.592.2979x638,Korea
509,Jennifer,Jackson,25,(326)444-5335x7103,Faroe Islands
510,Jonathan,Ramirez,58,908-956-5680,Netherlands Antilles
511,Kristina,Miranda,66,7523088239,Kiribati
512,Christina,Parker,38,(292)539-4988,Netherlands
513,Brian,Wyatt,59,+1-456-926-2404x7516,Zambia
514,Marco,Steele,34,827.204.2686x24487,Sri Lanka
515,Emily,Phelps,54,(949)905-4148x94202,Germany
516,Eric,Vincent,19,768-884-8190x752,Saint Helena
517,Linda,Gonzalez,42,766-841-1322,Kuwait
518,Megan,Jones,41,001-440-469-9558x1608,Austria
519,Whitney,Aguilar,63,(364)558-5399x371,Sri Lanka
520,Jared,Mccullough,30,591-258-6597,Christmas Island
521,Katie,Johns,27,9768470513,Bosnia and Herzegovina
522,Russell,Ramos,26,(661)584-5661x979,Solomon Islands
523,Ashley,Harris,57,001-928-636-0876x473,Benin
524,Derrick,Wagner,62,841.811.6971x8539,Zambia
525,Christopher,Webb,49,+1-747-675-6633x0940,Andorra
526,Jessica,Brooks,63,358-786-0942x909,Namibia
527,Michael,Christian,63,+1-749-986-6011x167,United Arab Emirates
528,Samuel,Kaiser,69,4904065847,Guinea-Bissau
529,Ashley,Bryan,20,9373166716,Burundi
530,Robert,Harper,44,953-995-4106x4329,Bangladesh
531,Sabrina,Johnson,36,+1-268-361-0359x1480,Iceland
532,Tyler,Lewis,27,652.243.9535x2998,Guam
533,Maria,Lucero,50,308-522-9451x2484,French Southern Territories
534,Cody,Dalton,53,922.602.8576x2485,Azerbaijan
535,Jennifer,Vasquez,58,234-883-8042,Nepal
536,Kyle,Mcconnell,59,001-780-202-3418x47639,United Arab Emirates
537,Matthew,James,28,205-664-1391x666,Aruba
538,David,Taylor,25,425-643-2757x27838,Faroe Islands
539,Traci,Day,47,+1-507-824-3044x3790,Paraguay
540,Ashley,Bailey,57,646.983.6350x607,Seychelles
541,Jeremiah,Curtis,46,+1-924-889-5675x708,Sao Tome and Principe
542,Michael,Harris,69,(911)968-0131x058,Hong Kong
543,Andrea,Beck,36,+1-428-282-4200x77347,Mauritius
544,Jill,Torres,27,243-836-0537x615,Solomon Islands
545,Anita,Thompson,27,400-930-9583x46081,Ghana
546,Tiffany,Wilson,46,(696)890-8493,Tunisia
547,Christopher,Park,39,(969)503-1220x23549,Tokelau
548,Brandon,Zuniga,20,001-516-299-6189,Albania
549,Brooke,Scott,42,5353132109,Hungary
550,Belinda,Mann,37,001-625-274-6767x10245,Germany
551,Rita,Harper,65,856.930.5311,Costa Rica
552,Arthur,Barrera,36,001-861-626-6930x168,Paraguay
553,William,Bailey,26,8674944799,Suriname
554,Jesus,Mccarthy,49,707-474-1689x21166,New Zealand
555,Jackie,Martin,50,+1-323-393-2975,Korea
556,Dustin,Wilkerson,42,593-476-1547,Macao
557,Bryce,Braun,24,427-275-3693,Slovenia
558,Jennifer,Johnson,45,507-543-3459,Croatia
559,Mary,Carlson,68,001-506-969-7703x6080,Oman
560,Joseph,Nguyen,20,001-348-609-8344x34939,Bahrain
561,Caitlin,Kelly,48,308-228-6588,Oman
562,Tina,Atkins,40,6434476830,Seychelles
563,Shannon,Higgins,52,440-476-1390,Croatia
564,Denise,Freeman,42,(616)805-0416,Iran
565,Michelle,Villarreal,18,256.637.4394,Israel
566,Stephanie,Brown,59,895.748.3253,New Caledonia
567,Douglas,Singh,19,001-876-278-0698x25639,San Marino
568,Christopher,Campbell,32,(263)709-7486x388,Montenegro
569,Michael,Murillo,56,369.976.5131x073,Uzbekistan
570,Marie,Woods,68,859-976-7146,Peru
571,Ronald,Howard,21,001-287-727-7534,Guadeloupe
572,Jonathan,Olson,53,001-630-288-1699x2527,Belize
573,Robert,Murray,42,(760)729-0598,Jordan
574,Nicole,Brown,56,410.867.8131,Burundi
575,Stephanie,Perez,33,(389)225-4314x3952,Iraq
576,Arthur,Williams,64,546-784-8688,Maldives
577,Robert,Perez,31,390.424.9329,Lithuania
578,Omar,Hoover,52,576.754.1927x34538,Algeria
579,Joshua,Craig,22,720.442.1071,Bermuda
580,Clayton,Jordan,59,712-426-7618x89188,Japan
581,Sarah,Nelson,61,+1-850-642-6621x168,Bangladesh
582,Christopher,Brooks,60,961-988-7211,Vietnam
583,Jonathan,Houston,18,685-270-9988,China
584,Elizabeth,Tyler,53,+1-243-279-7730x083,Somalia
585,Samuel,Hanson,20,+1-548-414-2174x2934,Congo
586,Yolanda,Lowe,41,+1-533-764-0872,Heard Island and McDonald Islands
587,Kristen,Hinton,64,239-668-1760x755,Fiji
588,Amanda,Watts,26,001-546-737-1336,Barbados
589,Joshua,Anderson,52,(551)896-5316,Korea
590,David,Meyer,64,5476381729,Liberia
591,Craig,Collins,24,371.670.5620x986,Switzerland
592,Heather,Dean,51,891-507-0942,Comoros
593,Cynthia,Reese,70,+1-611-262-2091,Sao Tome and Principe
594,Tracy,Ford,58,7468304373,Eritrea
595,Amanda,Murphy,31,001-693-269-6104x6358,Germany
596,Paul,Beck,58,001-426-573-0375x695,Costa Rica
597,Jamie,Walker,62,001-518-847-1644x867,Netherlands Antilles
598,Stephen,Rodriguez,65,001-407-511-7690x7508,Tuvalu
599,Matthew,Flores,18,+1-744-237-6680x0341,Congo
600,Daniel,Macdonald,27,(370)757-5300x06855,Russian Federation
601,Brandy,Gonzalez,46,001-332-288-1655x7549,Anguilla
602,Allison,Bond,43,672.588.0895x72919,Nauru
603,Kristina,Freeman,52,300.726.5303,Moldova
604,Scott,Bradshaw,49,8003429470,Comoros
605,Alexandria,Tucker,62,001-841-270-3532x255,British Virgin Islands
606,Kyle,Ramirez,36,581-545-2921x07724,China
607,Shannon,Miller,39,+1-452-338-3458x079,Trinidad and Tobago
608,Margaret,Cooper,57,001-403-517-0855,Hong Kong
609,William,Oneal,53,5543246295,Isle of Man
610,Desiree,Gonzalez,27,(245)298-9387x02645,Zambia
611,Russell,Gardner,62,8925602714,Pakistan
612,Pam,Walls,50,(490)548-3384,Hungary
613,Julian,Hayes,34,3978432287,Aruba
614,Rebekah,Johnson,24,708.562.0801x62635,Brazil
615,Jennifer,Harris,67,903.272.8066x3551,Luxembourg
616,Brittney,Stevens,57,853.253.8799,Zambia
617,Amber,Roberts,32,643.997.7416x64196,Kenya
618,Kenneth,Green,18,001-599-756-5757,British Indian Ocean Territory (Chagos Archipelago)
619,Hannah,Rogers,69,(395)814-8662x656,Czech Republic
620,John,Mclaughlin,48,924-955-8871x4238,Switzerland
621,Bill,Allen,45,(224)416-9458x008,Ghana
622,Tyler,Foster,49,836.381.2454,Afghanistan
623,Bruce,Edwards,27,001-468-766-8012x2594,Antarctica (the territory South of 60 deg S)
624,Natalie,Cooper,40,001-208-763-3380x4163,Canada
625,James,Navarro,55,(778)328-2052x9473,Brazil
626,Hannah,Gregory,69,001-915-446-6574x519,Luxembourg
627,Carl,Smith,38,706.391.6104x8521,China
628,Randy,Garcia,19,653.484.8421x24961,Micronesia
629,Fred,Mcfarland,45,001-826-237-4952x54658,Poland
630,Kristin,Pierce,39,769-381-8928x255,India
631,Kim,Cisneros,26,001-763-640-9053x6359,Guatemala
632,Robert,Brown,27,001-925-999-2721x14395,Afghanistan
633,Andrea,Odom,35,(749)806-9720,Bahrain
634,Pamela,Davis,29,728-571-4618x35780,Japan
635,Eric,Novak,68,241.676.6808x7188,Puerto Rico
636,Bryan,Mendoza,67,490.467.7743x626,Belgium
637,Nicole,Gaines,47,(290)309-6962,Rwanda
638,Donna,Pittman,31,+1-792-348-0979x453,American Samoa
639,Michael,Garrett,35,8607370454,French Polynesia
640,Douglas,Gonzalez,33,(466)492-2702x98522,Niger
641,Joe,Bradshaw,21,716-287-2804x647,Germany
642,Albert,Roth,59,+1-346-295-5686x583,Eritrea
643,Patrick,Hoffman,47,+1-634-869-5916x10966,United States Minor Outlying Islands
644,Steven,Foley,23,343-691-7222x979,United States of America
645,Kimberly,Gross,33,+1-778-710-8471x76393,Iceland
646,Susan,Park,42,001-735-719-5503x45420,Georgia
647,Brandon,Sanders,26,847-926-4932x96670,Brazil
648,Amber,Christensen,58,542.729.8858,New Zealand
649,Karen,Clay,57,742.260.0426x348,Venezuela
650,Lisa,Marshall,42,967.996.1290x78804,Guatemala
651,Maria,Smith,31,7427695901,Madagascar
652,Heather,Padilla,25,(534)481-1120x3383,Somalia
653,Tamara,Mitchell,18,492.862.0900x400,Grenada
654,Maxwell,Gonzalez,53,+1-974-881-1752x593,Togo
655,Kevin,Russo,29,001-863-832-1098,Argentina
656,Nicole,Simpson,28,869-532-6851x47585,Andorra
657,Tina,Griffin,52,001-836-236-4627x321,United Kingdom
658,Erica,Peterson,44,879-863-1499,Angola
659,Dean,Johnson,34,584-613-6530x829,Hungary
660,Patricia,Solis,28,523-290-5635,Svalbard & Jan Mayen Islands
661,Christopher,Taylor,25,(873)552-0184,Cyprus
662,Kaitlin,James,61,001-787-762-6833,Spain
663,Julie,Burton,50,001-988-519-8120x0521,French Southern Territories
664,Nicholas,Humphrey,43,+1-960-764-6304,Grenada
665,Jennifer,Patrick,65,508.885.5518,Albania
666,Steven,Taylor,61,001-508-905-3436,Togo
667,Larry,Miller,37,815.651.7216,Norway
668,Brandon,Thompson,53,838-842-7939x82004,San Marino
669,Shannon,Mcclure,48,2945823119,Malta
670,Melissa,Thompson,20,(549)656-9032x0342,Mongolia
671,Joel,Jones,37,529.757.8300,Djibouti
672,Jennifer,Kelly,19,807-484-0317,Swaziland
673,Sean,Oneal,25,001-227-800-6534,Haiti
674,Kelsey,Newman,43,(870)947-3949x92886,Aruba
675,Wanda,Pennington,55,(927)213-6740x88717,Sierra Leone
676,Dakota,Stanley,66,(560)432-5978x8054,Niger
677,Curtis,Barker,66,7728884896,Cape Verde
678,Heather,Holt,55,001-442-853-7303x81238,Tuvalu
679,Elizabeth,Alvarez,60,001-484-670-6472,Madagascar
680,Michelle,Turner,52,+1-732-586-8350,Heard Island and McDonald Islands
681,Lisa,Hunt,18,565.455.0233x36522,Wallis and Futuna
682,Laura,Reyes,32,890-662-1643x484,Angola
683,Stephanie,Cook,40,(679)715-5008,Bangladesh
684,Patrick,Gordon,53,521.484.1307x5213,Kenya
685,Tammy,Garrison,18,5527427209,Lesotho
686,Leonard,Mendoza,21,780.931.5652,Faroe Islands
687,Sara,Horn,55,203-530-3201,Saint Helena
688,Autumn,Suarez,41,001-989-455-4976x99117,Libyan Arab Jamahiriya
689,James,Gardner,62,6222483740,Syrian Arab Republic
690,Kyle,Huang,45,(230)999-3991,Cote d'Ivoire
691,Donna,Hall,43,001-657-824-9388x725,Mali
692,Margaret,Woods,28,+1-749-391-1653x50408,Finland
693,Kevin,Pace,21,956-935-0703x53041,Slovakia (Slovak Republic)
694,Janet,Myers,61,533.457.0107,Singapore
695,Steven,Bowen,28,3817714256,Aruba
696,Tracy,Mills,47,682.570.1908,Switzerland
697,Roger,Johnson,61,332-701-2363x622,Burkina Faso
698,Robert,Roberson,25,+1-430-909-8626x5506,India
699,Jennifer,Dennis,40,4405575376,Bolivia
700,Michael,Garcia,28,001-881-217-7099x26773,Austria
701,Anna,Castillo,52,248.709.3529x633,Nigeria
702,Kelly,Ford,48,672.879.3461,Montserrat
703,Joseph,Mcintosh,53,001-406-279-7816x011,Korea
704,Edward,Lopez,30,001-543-894-7177x46796,Reunion
705,Monica,Moore,32,793-735-1220,Fiji
706,Michelle,Johnson,21,550-746-0446,Saint Martin
707,Michael,Washington,32,+1-741-466-8466,Croatia
708,Bryan,Campbell,22,001-275-988-3529,Egypt
709,Kristina,Wright,47,001-671-399-7526x747,Zambia
710,Maurice,Vang,60,001-521-363-0868x1622,Peru
711,Ashley,Harris,70,(200)461-1414x80953,Ireland
712,Carla,Stevenson,35,229.780.1641x482,United States of America
713,Dylan,Gallegos,18,723.476.4550x2938,Congo
714,Michelle,Meyer,55,(458)277-4295x18666,Guadeloupe
715,Donald,Collier,61,001-255-348-6334x8675,Mozambique
716,Tina,Woods,69,459-261-1389x74832,Barbados
717,Denise,Crane,34,481-643-9859,Netherlands Antilles
718,Rachel,Key,19,7013463774,Guadeloupe
719,Hannah,Wells,36,512-470-4441x550,Puerto Rico
720,Julie,Knight,67,(421)701-0602,Lao People's Democratic Republic
721,Christopher,Hill,70,001-381-387-3178,Tuvalu
722,Lori,Mcintosh,39,922.527.8912,Greece
723,Natalie,Lamb,27,487-358-5748,Nigeria
724,David,Garcia,34,9575752279,Vanuatu
725,Ellen,Cunningham,30,487-832-1694x42895,Denmark
726,Eric,Williams,62,855-392-7986x2432,Poland
727,Carla,Stark,44,341.720.0793x082,Congo
728,Michael,Silva,40,(418)284-2472x3486,Uzbekistan
729,Valerie,Garcia,35,8265478059,Austria
730,Kelly,Dixon,23,514-936-5282,Egypt
731,Cynthia,Blackburn,41,939-354-1465x179,Kiribati
732,Paul,Cohen,39,(948)913-3309x173,Timor-Leste
733,James,Hunter,51,4812739297,Guatemala
734,Charles,Johns,48,(602)491-4827,Macao
735,Jose,Watkins,20,415-668-0494x23566,Libyan Arab Jamahiriya
736,Amanda,Allen,65,476-393-8758x488,Hong Kong
737,Morgan,Anderson,30,217.777.8088x70661,Iraq
738,Michelle,Davis,30,892-391-1102,Tonga
739,Donald,Brown,56,001-894-682-9496,Cameroon
740,William,Patterson,28,+1-916-921-4732x5608,Mali
741,Sarah,Green,33,+1-212-807-6349x4879,Martinique
742,Dylan,Rogers,44,(881)302-2982,South Africa
743,Carrie,Lang,55,(279)984-8691,Samoa
744,Brian,Barnett,66,918-807-4443x23604,Svalbard & Jan Mayen Islands
745,Jennifer,Gonzalez,44,664.213.6665x20616,Greenland
746,Monica,Williams,45,227-906-6375,Korea
747,Erica,Rojas,29,+1-861-279-2936x788,Suriname
748,Joseph,Hill,48,928-997-9570,Armenia
749,Kaitlyn,Landry,60,(857)814-5243,Slovakia (Slovak Republic)
750,Brian,Larson,50,001-582-571-9374x21016,Guyana
751,Anthony,Cherry,45,630-294-2226x63224,United Arab Emirates
752,Julie,Austin,31,+1-674-533-6300x97039,Mexico
753,Michael,Rush,55,641-716-5974,United States Minor Outlying Islands
754,Kathleen,Jordan,37,350.557.4721x2372,South Georgia and the South Sandwich Islands
755,Jonathan,Myers,66,+1-399-750-9037x1321,Kazakhstan
756,Steven,Davis,28,729.262.3326x139,Belarus
757,Samantha,Allen,52,829.587.3157,Gibraltar
758,Jonathan,Wolf,22,(955)298-5890,Macao
759,Adam,Cortez,64,+1-604-721-9270x22597,Nauru
760,Samantha,Jackson,25,001-518-787-4658x0192,Guinea-Bissau
761,Rhonda,Peters,19,870.801.1840,Lebanon
762,John,Romero,30,724.725.7073x09011,Saint Kitts and Nevis
763,Michelle,Erickson,58,001-334-859-9653x9769,Saint Lucia
764,Rebecca,Walker,43,(283)437-4564,Chad
765,Gary,Washington,43,610-991-9791,Serbia
766,John,Reese,67,387-303-1742x1010,Guam
767,Wendy,Miller,25,334.777.6757x5629,Pitcairn Islands
768,Donald,Watts,23,961-690-5707x7861,Samoa
769,Brittany,Martin,65,801.256.0742x51071,Rwanda
770,Ryan,Flores,21,624.344.6132,Cuba
771,David,Miller,52,001-779-879-6231x71712,Malaysia
772,Robin,Ramirez,42,312-704-6236,Congo
773,Caleb,Ferguson,58,+1-490-416-4393x2889,Kazakhstan
774,Jennifer,Murphy,43,255.820.9972,Uzbekistan
775,Gabriela,Johnson,66,676-892-0493,Samoa
776,Amanda,Rodriguez,65,001-969-635-9574x3992,Cote d'Ivoire
777,Renee,Zuniga,22,555-746-7755x196,Venezuela
778,Brendan,Huber,42,(990)213-0725x06312,Dominican Republic
779,Marissa,Gaines,51,292.281.9678x497,Falkland Islands (Malvinas)
780,Jacob,Garcia,30,490-478-2972x7052,Syrian Arab Republic
781,Mary,Sampson,41,+1-708-332-4835x96150,Western Sahara
782,Patrick,York,43,(366)319-5150,New Zealand
783,Jeffrey,Hardy,56,961-246-5357x3639,Marshall Islands
784,Joseph,Barton,27,(770)905-2283,Grenada
785,Heather,Martinez,41,+1-628-473-3217x8670,Tanzania
786,Danielle,Johnson,35,001-469-575-7212,Palau
787,Anthony,Mcmillan,59,(388)440-9979,Myanmar
788,Tina,Kirk,37,+1-399-484-4166,Romania
789,Daniel,Phillips,50,357-302-2595x3745,Uruguay
790,Andrew,Rodriguez,66,+1-903-627-1437x3940,French Guiana
791,Deanna,Bailey,58,(947)781-5146,Madagascar
792,Steven,Ortiz,29,+1-927-763-6125x45923,Lao People's Democratic Republic
793,Drew,Lyons,34,(357)444-7094x927,Tajikistan
794,Joseph,Mooney,69,6432400557,Greece
795,Justin,Cooper,67,(597)498-4907x1119,Gabon
796,Jessica,Figueroa,60,001-360-890-1393x1143,Denmark
797,Samantha,Bailey,20,786-649-0427,United States Minor Outlying Islands
798,Stephanie,Scott,49,+1-604-394-8190x5224,Hong Kong
799,Mark,Ortiz,68,988-399-0887,Solomon Islands
800,Christopher,Alexander,45,557.630.5395x67503,Marshall Islands
801,Lance,Turner,24,(734)561-9979x4130,British Indian Ocean Territory (Chagos Archipelago)
802,Julia,Padilla,28,+1-885-504-6762x226,Kenya
803,Brian,Howell,36,215.450.6353x9691,Ukraine
804,Robert,Ali,54,(761)438-8846,Eritrea
805,Michael,Krueger,28,338-873-5375x0939,Luxembourg
806,Sara,Williams,44,667.459.2448,Sweden
807,Jose,Ray,26,(567)350-8064x5805,Holy See (Vatican City State)
808,Sergio,Garrison,40,448-269-1498x2639,Jamaica
809,Michael,Ross,62,842.950.8514x7255,Pakistan
810,Tyler,Miranda,64,661.242.0945x065,Guernsey
811,Alexis,Baker,66,001-279-441-6875x2762,Honduras
812,Alex,Castro,30,+1-506-260-4664x147,Eritrea
813,Barbara,White,45,237.501.0168x248,Croatia
814,Nicholas,Walker,37,(425)839-4075x0825,Philippines
815,Jennifer,Lynn,33,(975)261-1309x831,Mayotte
816,Brian,Jackson,39,(526)517-1452x607,Liechtenstein
817,Jennifer,Curry,55,001-709-620-0318x834,Ecuador
818,Candace,Escobar,50,485-626-2597,Cuba
819,Robert,Guzman,44,(660)459-2653x48858,Syrian Arab Republic
820,Annette,Kramer,45,390.324.2342x2880,Luxembourg
821,Danny,Baker,69,576.450.6376x68907,Sweden
822,Peter,Stone,36,944.793.4823,Swaziland
823,Oscar,Johnson,37,983-929-2882x624,Cote d'Ivoire
824,Brandon,Campbell,46,+1-754-442-7599,Finland
825,Steven,Anderson,34,001-804-536-9689,Denmark
826,Keith,Soto,54,737-241-4638x09644,Tanzania
827,David,Dunn,21,+1-739-604-0151,Guernsey
828,Jennifer,Ramos,66,+1-596-517-6034,Burundi
829,Jessica,Powers,32,557-688-0639x232,French Southern Territories
830,Kathleen,Mclaughlin,44,598.936.7072x538,Papua New Guinea
831,Henry,Ramirez,56,(476)341-4386x422,Yemen
832,Carolyn,Buck,54,(480)573-1532,Cocos (Keeling) Islands
833,John,Johnston,33,425.653.2404x151,Turks and Caicos Islands
834,Jason,James,68,652-258-4112x01994,Jamaica
835,Amy,Wilson,41,001-804-999-5830,Malawi
836,Jeffrey,Howe,34,3976136904,Lithuania
837,Michael,Mckay,34,(620)475-9472,Grenada
838,Spencer,Dodson,53,263-927-8015x4093,Turkmenistan
839,Kara,Henry,59,3419576411,Saint Vincent and the Grenadines
840,Natasha,Rodriguez,49,491.241.6372,Tajikistan
841,Melissa,Zamora,24,+1-653-699-1200x37412,Saint Helena
842,Sarah,Miller,43,001-598-780-9353x698,Morocco
843,Latasha,Pacheco,19,437.617.9103,Syrian Arab Republic
844,Jessica,Copeland,27,001-961-202-4646x163,Honduras
845,Amanda,Davis,32,+1-644-946-9459,Monaco
846,Susan,Dougherty,24,(914)413-1529,Reunion
847,Michael,Chavez,34,(438)514-4566x875,Denmark
848,Stacey,Ward,55,682.239.7017,Mongolia
849,Samantha,Bennett,53,+1-567-657-7711x25152,Wallis and Futuna
850,Joshua,Garcia,67,+1-435-647-0886x3411,Timor-Leste
851,Jordan,Hunt,32,(980)234-9570,Thailand
852,Carolyn,Villarreal,28,3853822703,Japan
853,Melissa,Whitehead,23,(440)912-2884x3996,Portugal
854,Tara,Gray,42,507.912.7496,Norfolk Island
855,Thomas,Potts,35,3353754590,Trinidad and Tobago
856,Jennifer,Hall,58,001-378-376-2015x00914,Oman
857,Susan,Gates,19,(765)995-2340x45360,Luxembourg
858,Timothy,Estes,39,(653)514-1110x70048,Afghanistan
859,Joel,Williamson,26,9257262211,Moldova
860,Elizabeth,Cain,68,657-277-7997x700,Norway
861,Eric,Nguyen,30,883-624-4145,Poland
862,Bradley,Perez,62,264-356-1388,Christmas Island
863,Douglas,Payne,33,546.395.2961x01836,Serbia
864,Daniel,Vega,28,001-794-920-7596x8893,Bangladesh
865,Samantha,Wise,27,(795)851-1422x624,Congo
866,Debra,Wright,22,001-808-664-3569x744,Fiji
867,Paul,Martinez,26,+1-917-631-5834x1162,Bouvet Island (Bouvetoya)
868,Brian,Rojas,40,001-632-781-7806x868,Hong Kong
869,Cheryl,Carlson,61,001-359-450-9583x3428,Denmark
870,Emily,Potter,22,943-527-0005x09170,Japan
871,Willie,Diaz,65,(284)668-9216,South Georgia and the South Sandwich Islands
872,Christopher,Bryant,44,001-967-784-6674x0925,Uzbekistan
873,Melissa,Sanchez,47,5889396641,Turkmenistan
874,Jeremy,Carrillo,23,(714)304-6907x89400,Thailand
875,Megan,Tucker,69,825.402.2850x62828,United Kingdom
876,Laura,Rodriguez,30,786-491-4771,Yemen
877,Andre,Moreno,60,578-336-4906x2200,Romania
878,Michael,Bryant,35,+1-371-932-0525x79622,Kenya
879,Caleb,Williams,39,(642)280-3017,Bangladesh
880,Dawn,Johnson,45,(883)919-3793x85503,Saint Martin
881,Francisco,Moore,27,(909)218-0569,Tokelau
882,Heather,Rice,23,319-530-6626,Austria
883,Lisa,Miller,31,001-552-943-6031,Nigeria
884,Daniel,Morgan,41,(423)239-4141x782,Thailand
885,Ryan,Clark,54,+1-525-947-5963,Reunion
886,Tyler,Dixon,37,+1-787-419-9689,Falkland Islands (Malvinas)
887,Austin,Davidson,42,(715)471-0430,Suriname
888,Anthony,Hodge,47,215-820-4700x53145,Italy
889,Thomas,Davis,60,+1-562-538-6420x3652,South Africa
890,Carol,Warner,46,690.527.9285x847,Fiji
891,Erica,Burton,37,3478343626,Belgium
892,Kenneth,Taylor,52,(683)529-6821x094,Myanmar
893,Justin,Montgomery,50,+1-229-475-3771,Monaco
894,Patricia,Strickland,52,+1-819-351-0203x8715,Qatar
895,Jeanette,Smith,34,+1-416-227-7638x637,Slovenia
896,David,Bradley,36,001-219-610-4792x67271,Grenada
897,Dustin,Short,69,+1-458-546-0401,Suriname
898,Danielle,Hicks,37,341.636.2357x47256,Serbia
899,Jessica,Hill,46,290-632-4781,Western Sahara
900,Gina,Hayes,48,(547)377-2577,Tuvalu
901,Mark,Atkins,67,281-992-0058x8644,Uzbekistan
902,Stephen,Stone,33,461-576-2232x97896,Somalia
903,Ian,Mullen,32,(732)863-6070x6147,Fiji
904,Jo,Mccarthy,53,+1-914-365-8604x5188,Guyana
905,Jennifer,Rivera,57,415.478.9897x97950,Israel
906,Dalton,Porter,41,411-343-6533x40936,Cayman Islands
907,Daniel,Perry,23,+1-886-351-4408x278,Pakistan
908,Justin,Townsend,41,4624892188,Saint Vincent and the Grenadines
909,Isaac,Sullivan,48,943.534.8855x32814,Guatemala
910,John,Flores,26,691-799-4225x0993,Nigeria
911,James,Rangel,50,001-527-570-1066x57156,Macao
912,Andrew,Osborne,59,+1-573-735-2882x207,Senegal
913,Lisa,Cabrera,40,001-598-570-8693,Belgium
914,Donald,Hernandez,47,001-814-693-8830,Cook Islands
915,Anthony,Aguirre,40,(241)679-6074x71340,Belarus
916,Scott,Porter,41,001-703-362-6414x662,Wallis and Futuna
917,John,Soto,23,+1-264-783-1348x292,Korea
918,Frank,Cox,61,705.765.2059x9557,Korea
919,Christopher,Edwards,59,670-562-4327x53718,Georgia
920,Virginia,Smith,18,001-992-619-1027x1460,Cape Verde
921,Mary,Cooke,49,(541)763-9648x3301,Slovenia
922,Megan,Gallegos,52,691-280-3915x564,Dominica
923,Roger,Golden,61,650.443.5522x635,Northern Mariana Islands
924,Alexis,Morton,44,+1-540-627-9769x01026,Lao People's Democratic Republic
925,Amber,Walters,52,+1-835-301-8384x38699,Northern Mariana Islands
926,Sean,Avila,54,001-584-383-9644,Palestinian Territory
927,Anna,Howell,27,+1-383-382-1422x296,Montenegro
928,Renee,Mendez,29,702.304.7269,Armenia
929,Melissa,Wilson,67,8262542011,Mauritania
930,Justin,Brown,59,+1-375-340-8249x90532,United States Virgin Islands
931,Wesley,Bowman,37,001-764-777-2306x9718,Cayman Islands
932,Wendy,Reynolds,51,001-851-595-4139x2908,Myanmar
933,Lisa,Walsh,26,(803)238-8895x443,Saint Barthelemy
934,Shawna,Garcia,33,(934)335-0202,Iraq
935,Jennifer,Shaw,36,001-813-947-7569,Lithuania
936,Lisa,Bailey,29,+1-385-657-2828,American Samoa
937,Jose,Walters,43,+1-450-913-7620x70092,Romania
938,Austin,Young,20,332.918.1288x5635,United States Virgin Islands
939,Tamara,Lyons,51,001-460-905-5471x79156,Singapore
940,Julie,Galloway,63,3586802048,Bolivia
941,Joshua,Perez,21,+1-384-274-5442x196,Uganda
942,Lauren,Owen,42,622.528.5882x117,Chad
943,Rebekah,Peterson,23,001-408-260-3242x6844,Vietnam
944,Sharon,Hubbard,55,001-213-479-0662x908,Tajikistan
945,Cole,Wolfe,55,001-867-207-6403x5935,Puerto Rico
946,Jessica,Spencer,58,(565)643-9049x43330,Nepal
947,Rachel,Foster,67,7754746419,Cook Islands
948,Alison,Jones,61,941-588-2613x8388,Cuba
949,Nicole,Brooks,43,+1-931-981-1689x673,Kazakhstan
950,Scott,Wood,51,(786)523-8407,Holy See (Vatican City State)
951,Robert,Gill,60,949.886.0849x1486,Svalbard & Jan Mayen Islands
952,Candice,Lewis,19,465-738-1414x688,Lebanon
953,Julie,Robinson,27,5379120856,Azerbaijan
954,Jennifer,Jordan,35,210-740-5949,Isle of Man
955,Randy,Gordon,26,906.296.5470x5369,Faroe Islands
956,Alfred,Crawford,30,001-583-278-4562x447,Zimbabwe
957,Elizabeth,Gibson,22,(564)797-3181x6835,Zimbabwe
958,William,Smith,63,(754)566-9509,Antigua and Barbuda
959,Tina,Conner,54,574.572.2099,Barbados
960,Devin,Vega,48,001-808-762-0682x5263,Greenland
961,Katherine,Perry,45,950-743-4043,Saint Martin
962,Johnny,Collins,59,297-868-1225,China
963,Anthony,Jackson,49,9088235448,Suriname
964,Philip,Barber,67,688.915.4517x84771,French Guiana
965,Kathy,Reynolds,43,+1-659-489-7355x1557,Guadeloupe
966,Joshua,Mitchell,30,(453)989-9981x922,Tunisia
967,Brooke,Cohen,63,+1-437-794-5199,Georgia
968,Emily,Baird,22,(444)313-4188,Turks and Caicos Islands
969,Victoria,Montoya,32,467-603-2220x113,Iraq
970,Richard,Medina,31,782.347.9993x0538,Paraguay
971,Matthew,Willis,46,001-360-874-9368x64215,India
972,Mark,Ward,23,560.925.6809x04093,Cameroon
973,Melissa,Boone,51,001-785-624-6641x800,Belarus
974,Emily,Hernandez,63,583.810.0896,Saint Helena
975,Robert,Davis,33,874.932.1476,Mayotte
976,Jason,Martin,18,+1-244-378-5329x17386,Equatorial Guinea
977,Curtis,Farmer,39,882.611.7012x7660,Equatorial Guinea
978,Michael,Zhang,35,4487156462,Madagascar
979,Julia,Gonzales,25,844-485-5615,French Guiana
980,Rachel,Young,38,375-466-1440x764,Bhutan
981,David,Garrett,40,+1-598-799-5745,Bouvet Island (Bouvetoya)
982,Brett,Giles,20,709.545.4563x8821,Bosnia and Herzegovina
983,Larry,Curtis,44,001-832-629-6236,Antarctica (the territory South of 60 deg S)
984,Priscilla,Salazar,24,001-830-818-0140x1411,Liberia
985,Kimberly,Butler,62,(503)679-9621x122,Mexico
986,Elijah,Ford,57,409.293.1106,Bosnia and Herzegovina
987,Andrew,King,46,+1-949-601-3266,Norway
988,Christina,Brown,43,+1-242-606-7092x672,Belize
989,Sarah,Taylor,36,288.872.2851x3491,Oman
990,Pamela,West,58,971-494-8112x69979,Mali
991,Jennifer,Mann,60,744-298-6031,Burkina Faso
992,Rhonda,Ford,35,(421)995-5573x133,Tunisia
993,Kimberly,Harrington,67,257-556-6749x78869,Eritrea
994,Stacy,Cruz,36,412.434.6735,Grenada
995,Stephanie,Duncan,22,(873)205-2327x6104,French Guiana
996,Whitney,Taylor,47,(573)794-3510x6101,Turkmenistan
997,Jason,Novak,40,(268)977-4737x5662,Saint Barthelemy
998,Janet,Brown,48,(460)866-1693,United Kingdom
999,Dustin,Olson,30,(678)542-9491x32207,Chile
1000,Rachel,Chang,60,001-760-628-5800x2495,Egypt
